{"accuracy": [0.5065789222717285, 0.5756579041481018, 0.5789473652839661, 0.6644737124443054, 0.7434210777282715, 0.8092105388641357, 0.8421052694320679, 0.8618420958518982, 0.9177631735801697, 0.9440789222717285], "loss": [1.4113696813583374, 0.7237436175346375, 0.6588078141212463, 0.6195774078369141, 0.5106997489929199, 0.4554964005947113, 0.3619345724582672, 0.3419423997402191, 0.24459193646907806, 0.19028672575950623], "val_accuracy": [0.5841584205627441, 0.6435643434524536, 0.4455445408821106, 0.6237623691558838, 0.8118811845779419, 0.8811880946159363, 0.8514851331710815, 0.8712871074676514, 0.9009901285171509, 0.9108911156654358], "val_loss": [0.655261218547821, 0.6051847338676453, 0.7630724906921387, 0.6195541024208069, 0.4004700183868408, 0.30062106251716614, 0.3245128095149994, 0.3287709057331085, 0.2680366337299347, 0.2500412166118622]}